"","x"
"1","AARS1"
"2","ABALON"
"3","ABCA2"
"4","ABCA5"
"5","ABCB8"
"6","ABCE1"
"7","ABHD13"
"8","ABHD17A"
"9","ABHD18"
"10","ABI2"
"11","ACAA1"
"12","ACAD8"
"13","ACAT1"
"14","ACBD6"
"15","ACOT2"
"16","ACOT8"
"17","ACTA2"
"18","ACTA2-AS1"
"19","ACTN1"
"20","ACTR1B"
"21","ACTR6"
"22","ACVR2A"
"23","ADAMTS10"
"24","ADAT2"
"25","ADAT3"
"26","ADGRA2"
"27","ADGRA3"
"28","ADRM1"
"29","ADSS2"
"30","AEBP2"
"31","AFDN"
"32","AGBL5"
"33","AGGF1"
"34","AGO3"
"35","AGPAT2"
"36","AHNAK"
"37","AIP"
"38","AK1"
"39","AKAP8L"
"40","AKAP9"
"41","AKIP1"
"42","AKR1A1"
"43","AKR1B1"
"44","ALAS1"
"45","ALDOA"
"46","ALG10"
"47","ALG10B"
"48","ALG3"
"49","ALKBH5"
"50","ALKBH7"
"51","ALKBH8"
"52","ALMS1"
"53","ALYREF"
"54","AMFR"
"55","AMMECR1"
"56","ANAPC11"
"57","ANAPC15"
"58","ANGEL2"
"59","ANKRD26"
"60","ANKRD28"
"61","ANKRD36BP1"
"62","ANKRD36C"
"63","ANKRD46"
"64","ANKRD6"
"65","ANKS1B"
"66","ANKS6"
"67","ANO10"
"68","ANP32A"
"69","ANTKMT"
"70","ANXA2P2"
"71","ANXA4"
"72","AP1AR"
"73","AP1S1"
"74","AP3M2"
"75","AP4S1"
"76","AP5S1"
"77","AP5Z1"
"78","APEH"
"79","APOBEC3G"
"80","APOL2"
"81","APOL6"
"82","ARF3"
"83","ARFIP2"
"84","ARHGAP10"
"85","ARHGAP21"
"86","ARHGAP28"
"87","ARHGAP32"
"88","ARHGAP39"
"89","ARHGDIA"
"90","ARHGEF6"
"91","ARID1B"
"92","ARID3B"
"93","ARID4A"
"94","ARID4B"
"95","ARID5B"
"96","ARL10"
"97","ARL5A"
"98","ARL6IP4"
"99","ARMC10"
"100","ARPC1B"
"101","ARPC4"
"102","ARPIN"
"103","ARPP19"
"104","ARSA"
"105","ARSD-AS1"
"106","ART4"
"107","ASAP2"
"108","ASB7"
"109","ASH2L"
"110","ATAD3B"
"111","ATAD5"
"112","ATF7"
"113","ATG101"
"114","ATG13"
"115","ATG14"
"116","ATG4C"
"117","ATOX1"
"118","ATP13A1"
"119","ATP5F1D"
"120","ATP5ME"
"121","ATP5MF"
"122","ATP5MG"
"123","ATP5MK"
"124","ATP5PD"
"125","ATP5PO"
"126","ATP6V0A1"
"127","ATP6V0A2"
"128","ATP6V0B"
"129","ATP6V0C"
"130","ATP6V0D1"
"131","ATP6V0E1"
"132","ATP6V1A"
"133","ATP6V1B2"
"134","ATP6V1E1"
"135","ATP6V1F"
"136","ATP6V1H"
"137","ATP8"
"138","ATRN"
"139","ATRX"
"140","ATXN7L2"
"141","AUP1"
"142","AURKAIP1"
"143","B3GAT2"
"144","B3GNT4"
"145","BAD"
"146","BAIAP2L1"
"147","BAZ2B"
"148","BAZ2B-AS1"
"149","BBIP1"
"150","BBS1"
"151","BBS10"
"152","BCAP31"
"153","BCAT1"
"154","BCL10"
"155","BCL2L1"
"156","BCL2L13"
"157","BCL3"
"158","BCL7B"
"159","BCL9L"
"160","BCLAF1"
"161","BEST1"
"162","BET1"
"163","BHLHE40"
"164","BLVRB"
"165","BMI1"
"166","BNC1"
"167","BOD1L1"
"168","BOK-AS1"
"169","BOLA1"
"170","BPHL"
"171","BPNT2"
"172","BPTF"
"173","BRCA1"
"174","BRCA2"
"175","BRCC3"
"176","BRD3"
"177","BRD7"
"178","BRF2"
"179","BRI3"
"180","BRI3BP"
"181","BRICD5"
"182","BRMS1"
"183","BRMS1L"
"184","BRWD3"
"185","BZW1-AS1"
"186","C11orf68"
"187","C17orf58"
"188","C17orf80"
"189","C18orf54"
"190","C19orf12"
"191","C19orf53"
"192","C1orf109"
"193","C1orf122"
"194","C1orf43"
"195","C2CD3"
"196","C2CD5"
"197","C4orf48"
"198","C5orf22"
"199","C6orf226"
"200","C7orf26"
"201","C8orf82"
"202","C9orf85"
"203","CA14"
"204","CALM3"
"205","CAMSAP2"
"206","CAND2"
"207","CAP1"
"208","CAPN7"
"209","CAPNS1"
"210","CARD8"
"211","CARHSP1"
"212","CARNMT1"
"213","CASD1"
"214","CASP4"
"215","CASP4LP"
"216","CASTOR3"
"217","CBR1"
"218","CBR1-AS1"
"219","CCAR1"
"220","CCDC124"
"221","CCDC126"
"222","CCDC138"
"223","CCDC14"
"224","CCDC167"
"225","CCDC186"
"226","CCDC25"
"227","CCDC43"
"228","CCDC66"
"229","CCDC82"
"230","CCDC85B"
"231","CCDC88A"
"232","CCDC9"
"233","CCDC92"
"234","CCM2"
"235","CCND3"
"236","CCNE2"
"237","CCNG2"
"238","CCNH"
"239","CCNJ"
"240","CCNT2"
"241","CCP110"
"242","CCSAP"
"243","CCT7"
"244","CD2BP2-DT"
"245","CD40"
"246","CD63"
"247","CDC37"
"248","CDC42BPA"
"249","CDC7"
"250","CDIPT"
"251","CDK13"
"252","CDK5"
"253","CDKL1"
"254","CDKL3"
"255","CEBPD"
"256","CEBPZ"
"257","CENPB"
"258","CENPC"
"259","CENPE"
"260","CENPJ"
"261","CENPN"
"262","CEP120"
"263","CEP135"
"264","CEP152"
"265","CEP162"
"266","CEP164"
"267","CEP290"
"268","CEP295"
"269","CEP350"
"270","CEP57L1"
"271","CEP78"
"272","CEP85L"
"273","CERK"
"274","CERS2"
"275","CHCHD2"
"276","CHCHD5"
"277","CHD1"
"278","CHFR"
"279","CHIC1"
"280","CHMP1A"
"281","CHMP2A"
"282","CHRAC1"
"283","CHROMR"
"284","CHST10"
"285","CIAO2B"
"286","CIB2"
"287","CIBAR1"
"288","CIITA"
"289","CILK1"
"290","CINP"
"291","CIR1"
"292","CITED4"
"293","CKS2"
"294","CLBA1"
"295","CLDN11"
"296","CLP1"
"297","CLPTM1"
"298","CLTA"
"299","CLTB"
"300","CLTC"
"301","CNDP2"
"302","CNOT10"
"303","CNOT6"
"304","CNOT7"
"305","CNP"
"306","CNPY2"
"307","CNTLN"
"308","CNTNAP3"
"309","CNTRL"
"310","COASY"
"311","COG3"
"312","COMMD2"
"313","COMMD3"
"314","COMMD5"
"315","COMMD9"
"316","COMT"
"317","COPA"
"318","COPE"
"319","COPG1"
"320","COPRS"
"321","COPS9"
"322","COPZ1"
"323","COQ10B"
"324","COQ5"
"325","CORO1B"
"326","COX1"
"327","COX14"
"328","COX2"
"329","COX3"
"330","COX4I1"
"331","COX5A"
"332","COX5B"
"333","COX6A1"
"334","COX6B1"
"335","COX7A2"
"336","COX7A2L"
"337","COX7B"
"338","COX8A"
"339","CPEB3"
"340","CPLANE1"
"341","CPOX"
"342","CPSF6"
"343","CPT1A"
"344","CRADD"
"345","CRAMP1"
"346","CREB3"
"347","CRK"
"348","CRMP1"
"349","CROT"
"350","CRTAC1"
"351","CSNK1D"
"352","CSPP1"
"353","CST3"
"354","CSTB"
"355","CTBP2"
"356","CTDNEP1"
"357","CTDSPL2"
"358","CTNND1"
"359","CTU1"
"360","CUL1"
"361","CUL5"
"362","CWC22"
"363","CWF19L2"
"364","CYB561D2"
"365","CYB5A"
"366","CYC1"
"367","CYHR1"
"368","CYP1A1"
"369","CYP20A1"
"370","CYP2R1"
"371","CYSTM1"
"372","CYTB"
"373","DAD1"
"374","DARS1-AS1"
"375","DBNL"
"376","DBT"
"377","DCAF16"
"378","DCBLD1"
"379","DCLRE1C"
"380","DCTN2"
"381","DDB1"
"382","DDHD2"
"383","DDI2"
"384","DDIT3"
"385","DDRGK1"
"386","DDX19A-DT"
"387","DDX46"
"388","DEK"
"389","DENR"
"390","DERL1"
"391","DESI2"
"392","DEXI"
"393","DGKH"
"394","DHCR7"
"395","DHPS"
"396","DHRS7"
"397","DHX33"
"398","DIABLO"
"399","DICER1"
"400","DIPK2A"
"401","DIS3L"
"402","DLEC1"
"403","DLEU2"
"404","DLST"
"405","DMAC1"
"406","DMAC2"
"407","DNAAF1"
"408","DNAAF10"
"409","DNAJB1"
"410","DNAJB12"
"411","DNAJB14"
"412","DNAJC1"
"413","DNAJC10"
"414","DNAJC13"
"415","DNAJC2"
"416","DNAL1"
"417","DNASE1L1"
"418","DND1"
"419","DNM1L"
"420","DOC2A"
"421","DOCK1"
"422","DOHH"
"423","DOLK"
"424","DPY19L3"
"425","DPY19L4"
"426","DRAP1"
"427","DRG2"
"428","DTX3"
"429","DUSP1"
"430","DUSP11"
"431","DUSP18"
"432","DUSP3"
"433","DVL2"
"434","DYNC2I1"
"435","DYNLL1"
"436","DYNLRB1"
"437","DYNLT1"
"438","E2F8"
"439","EBP"
"440","ECI1"
"441","ECSIT"
"442","EDC3"
"443","EDEM3"
"444","EDF1"
"445","EDRF1"
"446","EEA1"
"447","EEF1AKMT3"
"448","EFCAB10"
"449","EFCAB14"
"450","EFCAB14-AS1"
"451","EFCAB7"
"452","EHD3"
"453","EIF1"
"454","EIF2B4"
"455","EIF3G"
"456","EIF3I"
"457","EIF3J"
"458","EIF4E2"
"459","EIF4E3"
"460","EIF6"
"461","ELK1"
"462","ELK3"
"463","ELK4"
"464","ELOB"
"465","ELOF1"
"466","ELOVL1"
"467","EMC3"
"468","EMC6"
"469","EMC7"
"470","EMC8"
"471","EMD"
"472","EMG1"
"473","EMILIN2"
"474","EML2"
"475","EML5"
"476","EMSY"
"477","ENO1"
"478","ENOX2"
"479","ENSA"
"480","EOGT"
"481","EPC1"
"482","EPC2"
"483","ERCC2"
"484","ERCC6L2-AS1"
"485","ERCC8"
"486","ERICH1"
"487","ERP29"
"488","ESRRA"
"489","ETAA1"
"490","ETFA"
"491","ETFB"
"492","ETNK1"
"493","ETV1"
"494","ETV4"
"495","EVA1B"
"496","EVA1C"
"497","EWSR1"
"498","EXOC5"
"499","EXOSC1"
"500","EXOSC7"
"501","FADD"
"502","FAM118A"
"503","FAM118B"
"504","FAM126B"
"505","FAM133B"
"506","FAM135A"
"507","FAM166A"
"508","FAM172A"
"509","FAM174A"
"510","FAM174B"
"511","FAM174C"
"512","FAM177A1"
"513","FAM199X"
"514","FAM214B"
"515","FAM32A"
"516","FAM50A"
"517","FAM76B"
"518","FAM78A"
"519","FAM83G"
"520","FAM89B"
"521","FAM98B"
"522","FANCM"
"523","FAR1"
"524","FASTK"
"525","FAU"
"526","FBH1"
"527","FBXO25"
"528","FBXO45"
"529","FBXW5"
"530","FDX2"
"531","FER"
"532","FHL1"
"533","FIGNL1"
"534","FIS1"
"535","FKBP11"
"536","FKBP1B"
"537","FKBP8"
"538","FLVCR1"
"539","FNIP1"
"540","FOSL2"
"541","FOXJ3"
"542","FRA10AC1"
"543","FTH1"
"544","FTL"
"545","FUCA2"
"546","FUT10"
"547","FUZ"
"548","G2E3"
"549","G6PD"
"550","GABARAP"
"551","GABBR2"
"552","GABPB1"
"553","GABPB2"
"554","GADD45GIP1"
"555","GALC"
"556","GALE"
"557","GALK2"
"558","GAS2L3"
"559","GATAD2B"
"560","GBA2"
"561","GBF1"
"562","GCC2"
"563","GCFC2"
"564","GCNT1"
"565","GEN1"
"566","GET1"
"567","GET3"
"568","GGCT"
"569","GGCX"
"570","GGH"
"571","GIMAP7"
"572","GIPC1"
"573","GLB1"
"574","GMCL1"
"575","GMPPA"
"576","GMPPB"
"577","GNAQ"
"578","GNB2"
"579","GNL3L"
"580","GOLGA1"
"581","GOLGA4"
"582","GOLGB1"
"583","GON4L"
"584","GPALPP1"
"585","GPAM"
"586","GPATCH1"
"587","GPATCH11"
"588","GPATCH2"
"589","GPATCH2L"
"590","GPATCH3"
"591","GPBP1"
"592","GPCPD1"
"593","GPKOW"
"594","GPR137"
"595","GPR157"
"596","GPR161"
"597","GPR89A"
"598","GPRC5A"
"599","GRAMD1C"
"600","GRB10"
"601","GRIN3B"
"602","GRINA"
"603","GRIP2"
"604","GRK5"
"605","GRPEL1"
"606","GSTCD"
"607","GSTK1"
"608","GTF2A1"
"609","GTF2IP4"
"610","GTPBP8"
"611","GUCD1"
"612","GUF1"
"613","GUK1"
"614","GXYLT1"
"615","GYPC"
"616","H2AJ"
"617","H6PD"
"618","HACD1"
"619","HADHA"
"620","HARBI1"
"621","HAUS2"
"622","HAUS3"
"623","HAUS6"
"624","HAX1"
"625","HDAC10"
"626","HDAC4"
"627","HEATR1"
"628","HEBP1"
"629","HECTD2"
"630","HEXIM2"
"631","HIKESHI"
"632","HINT3"
"633","HK1"
"634","HLA-C_3"
"635","HLTF"
"636","HM13"
"637","HMGCL"
"638","HMOX1"
"639","HNRNPA1L2"
"640","HNRNPF"
"641","HNRNPH1"
"642","HNRNPUL2"
"643","HOOK2"
"644","HOOK3"
"645","HP1BP3"
"646","HPF1"
"647","HPS4"
"648","HPS6"
"649","HS1BP3"
"650","HS6ST1"
"651","HSP90B1"
"652","HTATIP2"
"653","HVCN1"
"654","ICAM1"
"655","ICE1"
"656","ICE2"
"657","ID1"
"658","ID2"
"659","IDI2-AS1"
"660","IER5"
"661","IER5L"
"662","IFI35"
"663","IFI6"
"664","IFIT3"
"665","IFIT5"
"666","IFITM3"
"667","IFT43"
"668","IFT74"
"669","IFT81"
"670","IFTAP"
"671","IGF2R"
"672","IGFBP2"
"673","IKBKG"
"674","ILK"
"675","ILRUN"
"676","ILVBL"
"677","IMPACT"
"678","INAFM1"
"679","INF2"
"680","INIP"
"681","INPP4A"
"682","INSIG1"
"683","INVS"
"684","IPPK"
"685","IQCB1"
"686","IRAK1"
"687","IRAK1BP1"
"688","IREB2"
"689","IRF1"
"690","IRF2BPL"
"691","ITGA3"
"692","ITPRID2"
"693","JADE2"
"694","JAGN1"
"695","JMJD6"
"696","JMY"
"697","JTB"
"698","JUND"
"699","KANSL1L"
"700","KARS1"
"701","KAT14"
"702","KCNC4"
"703","KCNG2"
"704","KCTD15"
"705","KCTD6"
"706","KDELR1"
"707","KEAP1"
"708","KIAA0586"
"709","KIAA0753"
"710","KIAA1109"
"711","KIAA1191"
"712","KIAA1586"
"713","KIAA1958"
"714","KIAA2026"
"715","KIF27"
"716","KIF2A"
"717","KIF3A"
"718","KIF5B"
"719","KIF9"
"720","KLC3"
"721","KLF16"
"722","KLF7"
"723","KLF9-DT"
"724","KLHDC10"
"725","KLHL21"
"726","KLHL8"
"727","KMT2E-AS1"
"728","KMT5A"
"729","KMT5B"
"730","KNOP1"
"731","KPTN"
"732","KRBA2"
"733","KRBOX4"
"734","KRBOX5"
"735","KRCC1"
"736","KRIT1"
"737","KRTCAP2"
"738","L3MBTL3"
"739","LAGE3"
"740","LAMTOR1"
"741","LAMTOR2"
"742","LAMTOR4"
"743","LATS1"
"744","LEO1"
"745","LGALS3"
"746","LGALS8"
"747","LIMD1-AS1"
"748","LIMS1"
"749","LIN54"
"750","LIN9"
"751","LINC-PINT"
"752","LINC00641"
"753","LINC00667"
"754","LINC01000"
"755","LINC01128"
"756","LINC01963"
"757","LIX1L-AS1"
"758","LMAN2"
"759","LMLN"
"760","LMO7-AS1"
"761","LOC100130283"
"762","LOC100421372"
"763","LOC100652758"
"764","LOC100652999"
"765","LOC101927393"
"766","LOC101929160"
"767","LOC101929162"
"768","LOC102724146"
"769","LOC102724250"
"770","LOC102724965"
"771","LOC105369663"
"772","LOC105369968"
"773","LOC105371566"
"774","LOC105371709"
"775","LOC105371729"
"776","LOC105372064"
"777","LOC105372117"
"778","LOC105374836"
"779","LOC105375489"
"780","LOC105375683"
"781","LOC105376392"
"782","LOC105377700"
"783","LOC105378519"
"784","LOC105378552"
"785","LOC107984190"
"786","LOC107984219"
"787","LOC107984638"
"788","LOC107984665"
"789","LOC107985184"
"790","LOC107985304"
"791","LOC107985367"
"792","LOC107985388"
"793","LOC107985403"
"794","LOC107985544"
"795","LOC107986152"
"796","LOC107986934"
"797","LOC107987245"
"798","LOC112268052"
"799","LOC112268118"
"800","LOC112268140"
"801","LOC112268444"
"802","LOC122526782"
"803","LOC344065"
"804","LOC728743"
"805","LOC729867"
"806","LOC93622"
"807","LONP1"
"808","LONRF3"
"809","LPCAT3"
"810","LPGAT1"
"811","LRIF1"
"812","LRIG1"
"813","LRIG2"
"814","LRIG3"
"815","LRP10"
"816","LRP8"
"817","LRRC20"
"818","LRRC40"
"819","LRRC42"
"820","LRRC47"
"821","LRRC49"
"822","LRTOMT"
"823","LSM12"
"824","LUC7L3"
"825","LYPLA1"
"826","LYPLAL1"
"827","LYRM7"
"828","LZIC"
"829","LZTFL1"
"830","MAD2L1BP"
"831","MAF1"
"832","MAGI1"
"833","MAIP1"
"834","MAK16"
"835","MALAT1"
"836","MAN1A2"
"837","MAN2B2"
"838","MANEA"
"839","MAP1LC3A"
"840","MAP1LC3B"
"841","MAP3K4"
"842","MAP3K8"
"843","MAP4K5"
"844","MAPK8"
"845","MAPKAPK2"
"846","MARCHF5"
"847","MATR3"
"848","MAVS"
"849","MBD2"
"850","MBD4"
"851","MBLAC2"
"852","MBP"
"853","MBTD1"
"854","MCM8"
"855","MCRIP2"
"856","MDH1"
"857","MDM1"
"858","ME1"
"859","MEA1"
"860","MED11"
"861","MED14"
"862","MED19"
"863","MED27"
"864","MED8"
"865","MEGF6"
"866","MEIS2"
"867","METAP2"
"868","METTL14"
"869","METTL25"
"870","METTL4"
"871","MFSD10"
"872","MFSD13A"
"873","MFSD3"
"874","MFSD4B"
"875","MFSD5"
"876","MGST3"
"877","MIB1"
"878","MICOS13"
"879","MICU2"
"880","MIDEAS"
"881","MIEN1"
"882","MIER3"
"883","MIPOL1"
"884","MIR1244-2"
"885","MIR1282"
"886","MIR3661"
"887","MIRLET7BHG"
"888","MIS18BP1"
"889","MLF1"
"890","MMACHC"
"891","MMP16"
"892","MMP2"
"893","MNT"
"894","MOB3C"
"895","MOV10"
"896","MPC2"
"897","MPDU1"
"898","MPHOSPH10"
"899","MPHOSPH8"
"900","MPLKIP"
"901","MR1"
"902","MRC2"
"903","MRE11"
"904","MRFAP1"
"905","MRI1"
"906","MRPL12"
"907","MRPL14"
"908","MRPL15"
"909","MRPL17"
"910","MRPL19"
"911","MRPL2"
"912","MRPL20"
"913","MRPL21"
"914","MRPL27"
"915","MRPL28"
"916","MRPL34"
"917","MRPL36"
"918","MRPL40"
"919","MRPL41"
"920","MRPL44"
"921","MRPL49"
"922","MRPL51"
"923","MRPL52"
"924","MRPL53"
"925","MRPL54"
"926","MRPS34"
"927","MRPS5"
"928","MSANTD2"
"929","MSH2"
"930","MSL2"
"931","MT1X"
"932","MTAP"
"933","MTCH1"
"934","MTERF3"
"935","MTF2"
"936","MTPAP"
"937","MTR"
"938","MTSS1"
"939","MUS81"
"940","MVP"
"941","MXD3"
"942","MXD4"
"943","MYDGF"
"944","MYH10"
"945","MYH7B"
"946","MYL6"
"947","MZT2B"
"948","N4BP3"
"949","NAA16"
"950","NAA30"
"951","NAA40"
"952","NAF1"
"953","NALF1"
"954","NANS"
"955","NAPA"
"956","NAPA-AS1"
"957","NAV2"
"958","NAV2-AS2"
"959","NAV2-AS6"
"960","NBAS"
"961","NBPF1"
"962","NCAPH2"
"963","NCBP2"
"964","NCBP2AS2"
"965","NCBP3"
"966","NCOA1"
"967","NCOA6"
"968","ND3"
"969","NDUFA1"
"970","NDUFA11"
"971","NDUFA12"
"972","NDUFA13"
"973","NDUFA2"
"974","NDUFA5"
"975","NDUFA8"
"976","NDUFA9"
"977","NDUFAF3"
"978","NDUFAF7"
"979","NDUFAF8"
"980","NDUFB10"
"981","NDUFB11"
"982","NDUFB2"
"983","NDUFB4"
"984","NDUFB7"
"985","NDUFB9"
"986","NDUFC1"
"987","NDUFC2"
"988","NDUFS4"
"989","NDUFS5"
"990","NDUFS6"
"991","NDUFS7"
"992","NDUFS8"
"993","NECAP2"
"994","NEMF"
"995","NENF"
"996","NETO2"
"997","NFKB2"
"998","NFKBIA"
"999","NFKBIZ"
"1000","NFRKB"
"1001","NFU1"
"1002","NFYA"
"1003","NFYB"
"1004","NFYC-AS1"
"1005","NGLY1"
"1006","NIFK"
"1007","NIFK-AS1"
"1008","NIN"
"1009","NINL"
"1010","NIPBL"
"1011","NIPBL-DT"
"1012","NIT1"
"1013","NKTR"
"1014","NKX6-2"
"1015","NME9"
"1016","NMNAT1"
"1017","NOL11"
"1018","NOL8"
"1019","NOL9"
"1020","NOM1"
"1021","NOP10"
"1022","NOPCHAP1"
"1023","NOSIP"
"1024","NPAT"
"1025","NPC1"
"1026","NPC2"
"1027","NPRL2"
"1028","NQO1"
"1029","NR1H2"
"1030","NRBP1"
"1031","NSD1"
"1032","NSD3"
"1033","NSMCE1"
"1034","NSUN3"
"1035","NSUN4"
"1036","NTMT1"
"1037","NUAK2"
"1038","NUBP2"
"1039","NUDT16L1"
"1040","NUDT17"
"1041","NUDT18"
"1042","NUDT21"
"1043","NUDT22"
"1044","NUP153-AS1"
"1045","NUP42"
"1046","NUP43"
"1047","NUP50"
"1048","NUP58"
"1049","NUPR1"
"1050","NUTF2"
"1051","OARD1"
"1052","OBI1"
"1053","OBI1-AS1"
"1054","OBSCN"
"1055","ODF2L"
"1056","OGFR"
"1057","OPTN"
"1058","ORC2"
"1059","ORMDL2"
"1060","OSER1"
"1061","OST4"
"1062","OSTF1"
"1063","OTUD3"
"1064","OTUD6B"
"1065","OTUD6B-AS1"
"1066","OXLD1"
"1067","P4HA2"
"1068","P4HA3"
"1069","PABPC1"
"1070","PABPN1"
"1071","PACRGL"
"1072","PALB2"
"1073","PAN3"
"1074","PANK1"
"1075","PAPOLA"
"1076","PAPOLG"
"1077","PARK7"
"1078","PARP2"
"1079","PASK"
"1080","PAXBP1"
"1081","PAXIP1"
"1082","PBRM1"
"1083","PCBP1"
"1084","PCBP4"
"1085","PCCB"
"1086","PCDHGA11"
"1087","PCF11"
"1088","PCID2"
"1089","PCM1"
"1090","PCMT1"
"1091","PCMTD2"
"1092","PCYOX1L"
"1093","PDAP1"
"1094","PDCD7"
"1095","PDE7A"
"1096","PDIK1L"
"1097","PDP2"
"1098","PDXK"
"1099","PELO"
"1100","PER1"
"1101","PET100"
"1102","PEX1"
"1103","PEX10"
"1104","PEX14"
"1105","PEX16"
"1106","PFDN2"
"1107","PGAP2"
"1108","PGBD1"
"1109","PGBD2"
"1110","PGGT1B"
"1111","PGLS"
"1112","PGLS-DT"
"1113","PGP"
"1114","PHACTR4"
"1115","PHAX"
"1116","PHB1"
"1117","PHF10"
"1118","PHF20L1"
"1119","PHF3"
"1120","PHF6"
"1121","PHIP"
"1122","PHLDA3"
"1123","PHPT1"
"1124","PI4K2A"
"1125","PIBF1"
"1126","PIGF"
"1127","PIGM"
"1128","PIH1D1"
"1129","PIH1D2"
"1130","PIKFYVE"
"1131","PIN1"
"1132","PIN4"
"1133","PIP4P1"
"1134","PISD"
"1135","PITPNA-AS1"
"1136","PITPNB"
"1137","PITPNM2"
"1138","PKM"
"1139","PLAG1"
"1140","PLAGL1"
"1141","PLCB1"
"1142","PLEKHA1"
"1143","PLEKHA5"
"1144","PLEKHA8"
"1145","PLIN2"
"1146","PMS1"
"1147","PMS2"
"1148","PMVK"
"1149","PNISR"
"1150","PNKP"
"1151","POLD3"
"1152","POLDIP2"
"1153","POLI"
"1154","POLR1B"
"1155","POLR1F"
"1156","POLR2C"
"1157","POLR2F"
"1158","POLR2J"
"1159","POLR2L"
"1160","POLR2M"
"1161","POLR3F"
"1162","POLR3K"
"1163","POP1"
"1164","POT1"
"1165","PP2D1"
"1166","PPARG"
"1167","PPIG"
"1168","PPIL2"
"1169","PPIL4"
"1170","PPIP5K2"
"1171","PPM1L"
"1172","PPME1"
"1173","PPP1CA"
"1174","PPP1R12B"
"1175","PPP1R26"
"1176","PPP2R1A"
"1177","PPP2R1B"
"1178","PPP2R3A"
"1179","PPP2R5B"
"1180","PPP4C"
"1181","PPP4R2"
"1182","PPP4R3A"
"1183","PPP4R3B"
"1184","PPT1"
"1185","PPWD1"
"1186","PQBP1"
"1187","PRADC1"
"1188","PRDM11"
"1189","PRDX1"
"1190","PRDX5"
"1191","PRELID1"
"1192","PRKX"
"1193","PRMT9"
"1194","PRPF38A"
"1195","PRPF38B"
"1196","PRPF40A"
"1197","PRPF4B"
"1198","PRR13"
"1199","PRTFDC1"
"1200","PSENEN"
"1201","PSIP1"
"1202","PSMA5"
"1203","PSMA6"
"1204","PSMA7"
"1205","PSMB10"
"1206","PSMB4"
"1207","PSMB5"
"1208","PSMC5"
"1209","PSMD12"
"1210","PSMD13"
"1211","PSMD8"
"1212","PSMD9"
"1213","PSME3IP1"
"1214","PTBP2"
"1215","PTDSS2"
"1216","PTGIR"
"1217","PTK7"
"1218","PTPA"
"1219","PTPMT1"
"1220","PTPN12"
"1221","PTPN4"
"1222","PTS"
"1223","PUM2"
"1224","PUM3"
"1225","PUS7"
"1226","PUSL1"
"1227","PWWP2A"
"1228","PWWP3A"
"1229","PYM1"
"1230","QKI"
"1231","QSER1"
"1232","R3HDM1"
"1233","RAB1B"
"1234","RAB28"
"1235","RAB2B"
"1236","RAB30"
"1237","RAB32"
"1238","RAB35"
"1239","RAB5C"
"1240","RAB5IF"
"1241","RAB7A"
"1242","RAB9A"
"1243","RABAC1"
"1244","RABL2B"
"1245","RABL3"
"1246","RAD23A"
"1247","RAD23B"
"1248","RAD50"
"1249","RAD51D"
"1250","RAD54B"
"1251","RAD9A"
"1252","RALB"
"1253","RALGDS"
"1254","RALY"
"1255","RANGRF"
"1256","RAP2C"
"1257","RASA1"
"1258","RBAK"
"1259","RBBP6"
"1260","RBBP9"
"1261","RBCK1"
"1262","RBM12B"
"1263","RBM15"
"1264","RBM25"
"1265","RBM26"
"1266","RBM28"
"1267","RBM39"
"1268","RBM41"
"1269","RBM42"
"1270","RBM43"
"1271","RBM48"
"1272","RBM5"
"1273","RBM5-AS1"
"1274","RBM6"
"1275","RBM7"
"1276","RBM8A"
"1277","RBSN"
"1278","RCAN1"
"1279","RCBTB1"
"1280","RCCD1-AS1"
"1281","RCE1"
"1282","RCHY1"
"1283","RCN2"
"1284","RCOR3"
"1285","RELB"
"1286","RER1"
"1287","REST"
"1288","RETREG2"
"1289","REV1"
"1290","RFC1"
"1291","RFK"
"1292","RFXAP"
"1293","RGL1"
"1294","RHBDD2"
"1295","RHOC"
"1296","RHOG"
"1297","RHOQ"
"1298","RIC8A"
"1299","RIC8B"
"1300","RICTOR"
"1301","RIF1"
"1302","RIN2"
"1303","RIT1"
"1304","RMC1"
"1305","RMRP"
"1306","RN7SK"
"1307","RN7SL3"
"1308","RNA45SN4"
"1309","RNF113A"
"1310","RNF114"
"1311","RNF125"
"1312","RNF144A"
"1313","RNF146"
"1314","RNF167"
"1315","RNF168"
"1316","RNF181"
"1317","RNF2"
"1318","RNF26"
"1319","RNF7"
"1320","RNF8"
"1321","RNU12"
"1322","RNU4-1"
"1323","RNU4-2"
"1324","RNY1"
"1325","ROCK1"
"1326","ROCK2"
"1327","ROMO1"
"1328","RPAP2"
"1329","RPAP3"
"1330","RPL17"
"1331","RPL23AP53"
"1332","RPL24"
"1333","RPL26L1"
"1334","RPL27"
"1335","RPL29"
"1336","RPL31"
"1337","RPL36"
"1338","RPL36AL"
"1339","RPL37A"
"1340","RPL38"
"1341","RPL41"
"1342","RPL8"
"1343","RPLP1"
"1344","RPLP2"
"1345","RPN1"
"1346","RPPH1"
"1347","RPS16"
"1348","RPS19BP1"
"1349","RPS21"
"1350","RPS28"
"1351","RPS5"
"1352","RPS6KA5"
"1353","RPS6KB1"
"1354","RPS6KB2"
"1355","RRAGA"
"1356","RRAS"
"1357","RSBN1L"
"1358","RSL1D1-DT"
"1359","RSPH9"
"1360","RSPRY1"
"1361","RSRC2"
"1362","RTCB"
"1363","RTKN"
"1364","RUFY2"
"1365","RUNDC1"
"1366","RUNX1T1"
"1367","RUSC2"
"1368","RXYLT1"
"1369","S100A6"
"1370","S100PBP"
"1371","SAC3D1"
"1372","SAMD3"
"1373","SAP18"
"1374","SARS1"
"1375","SASS6"
"1376","SAXO1"
"1377","SCAF1"
"1378","SCAF11"
"1379","SCAI"
"1380","SCAND1"
"1381","SCAND2P"
"1382","SCARA3"
"1383","SCARNA12"
"1384","SCARNA17"
"1385","SCARNA2"
"1386","SCARNA28"
"1387","SCARNA9"
"1388","SCD"
"1389","SCLT1"
"1390","SCO2"
"1391","SCYL2"
"1392","SDF2"
"1393","SDF4"
"1394","SEC23A-AS1"
"1395","SEC61A2"
"1396","SEC61B"
"1397","SEC63"
"1398","SECISBP2"
"1399","SELENOH"
"1400","SELENOS"
"1401","SEM1"
"1402","SEMA4G"
"1403","SENP1"
"1404","SENP6"
"1405","SENP7"
"1406","SEPSECS"
"1407","SERBP1"
"1408","SERF2"
"1409","SERPINB1"
"1410","SERTAD1"
"1411","SERTAD3"
"1412","SETD2"
"1413","SF3B5"
"1414","SFSWAP"
"1415","SFXN5"
"1416","SGIP1"
"1417","SGO2"
"1418","SH3BGRL"
"1419","SH3GLB1"
"1420","SH3RF3-AS1"
"1421","SHARPIN"
"1422","SHFL"
"1423","SHMT2"
"1424","SHPRH"
"1425","SIKE1"
"1426","SIL1"
"1427","SIMC1"
"1428","SIRT4"
"1429","SIRT7"
"1430","SKP2"
"1431","SLA2"
"1432","SLC10A3"
"1433","SLC12A4"
"1434","SLC15A3"
"1435","SLC16A3"
"1436","SLC20A2"
"1437","SLC23A2"
"1438","SLC24A5"
"1439","SLC25A11"
"1440","SLC25A18"
"1441","SLC25A20"
"1442","SLC25A35"
"1443","SLC25A36"
"1444","SLC25A39"
"1445","SLC2A10"
"1446","SLC31A2"
"1447","SLC35B2"
"1448","SLC35C1"
"1449","SLC35E4"
"1450","SLC35F6"
"1451","SLC38A2"
"1452","SLC39A1"
"1453","SLC39A14"
"1454","SLC39A3"
"1455","SLC39A8"
"1456","SLC4A2"
"1457","SLC5A2"
"1458","SLC66A2"
"1459","SLC6A6"
"1460","SLF2"
"1461","SLTM"
"1462","SLX9"
"1463","SMAD5"
"1464","SMARCA5-AS1"
"1465","SMARCAD1"
"1466","SMC2"
"1467","SMC4"
"1468","SMC5"
"1469","SMC6"
"1470","SMCHD1"
"1471","SMG1"
"1472","SMIM15"
"1473","SMIM29"
"1474","SMIM4"
"1475","SMPD4BP"
"1476","SMURF2P1-LRRC37BP1"
"1477","SNAPC5"
"1478","SNCAIP"
"1479","SND1"
"1480","SNHG14"
"1481","SNORA48"
"1482","SNORA63"
"1483","SNORA67"
"1484","SNORA70"
"1485","SNORA73A"
"1486","SNORA73B"
"1487","SNORA79B"
"1488","SNORD10"
"1489","SNORD13"
"1490","SNORD133"
"1491","SNORD141A"
"1492","SNORD15B"
"1493","SNORD49A"
"1494","SNORD97"
"1495","SNRNP48"
"1496","SNRNP70"
"1497","SNRPC"
"1498","SNRPD2"
"1499","SNU13"
"1500","SNUPN"
"1501","SNX11"
"1502","SNX12"
"1503","SNX17"
"1504","SNX3"
"1505","SNX4"
"1506","SNX8"
"1507","SOCS3"
"1508","SOD1"
"1509","SOD2"
"1510","SOS1"
"1511","SP4"
"1512","SPAG4"
"1513","SPAST"
"1514","SPATA21"
"1515","SPATA7"
"1516","SPICE1"
"1517","SPNS1"
"1518","SPOPL"
"1519","SPRTN"
"1520","SPRYD3"
"1521","SPSB1"
"1522","SQOR"
"1523","SRA1"
"1524","SREBF1"
"1525","SREK1"
"1526","SRGN"
"1527","SRPK1"
"1528","SRPRA"
"1529","SRSF10"
"1530","SRSF11"
"1531","SS18L1"
"1532","SSNA1"
"1533","SSR4"
"1534","SSU72"
"1535","ST8SIA4"
"1536","STAG2"
"1537","STARD7-AS1"
"1538","STK10"
"1539","STK16"
"1540","STN1"
"1541","STX10"
"1542","STX16"
"1543","STX4"
"1544","STX5"
"1545","STX6"
"1546","STX8"
"1547","STXBP3"
"1548","STYXL1"
"1549","SUGT1"
"1550","SUMO3"
"1551","SUZ12"
"1552","SVIL"
"1553","SYNJ2BP"
"1554","SZRD1"
"1555","TAB3"
"1556","TACC1"
"1557","TAF1"
"1558","TAF10"
"1559","TAF1B"
"1560","TAF1C"
"1561","TALAM1"
"1562","TALDO1"
"1563","TARBP1"
"1564","TASOR"
"1565","TBC1D10A"
"1566","TBC1D12"
"1567","TBC1D17"
"1568","TBC1D25"
"1569","TBC1D2B"
"1570","TBCEL"
"1571","TCEANC2"
"1572","TCERG1"
"1573","TCFL5"
"1574","TCHP"
"1575","TCIRG1"
"1576","TCTN1"
"1577","TECR"
"1578","TEF"
"1579","TERC"
"1580","TERF1"
"1581","TES"
"1582","TET1"
"1583","TET2"
"1584","TEX264"
"1585","TFAM"
"1586","TFCP2"
"1587","TFE3"
"1588","TGFBRAP1"
"1589","TGS1"
"1590","THAP2"
"1591","THAP5"
"1592","THAP9"
"1593","THAP9-AS1"
"1594","THEM4"
"1595","THNSL1"
"1596","THOC1"
"1597","THOC2"
"1598","THUMPD1"
"1599","TIA1"
"1600","TIGD2"
"1601","TIMM8B"
"1602","TIPARP-AS1"
"1603","TKT"
"1604","TM9SF4"
"1605","TMBIM1"
"1606","TMBIM6"
"1607","TMED1"
"1608","TMED9"
"1609","TMEM101"
"1610","TMEM106B"
"1611","TMEM11"
"1612","TMEM115"
"1613","TMEM123"
"1614","TMEM141"
"1615","TMEM147"
"1616","TMEM160"
"1617","TMEM168"
"1618","TMEM170A"
"1619","TMEM170B"
"1620","TMEM179B"
"1621","TMEM183A"
"1622","TMEM184B"
"1623","TMEM203"
"1624","TMEM208"
"1625","TMEM216"
"1626","TMEM219"
"1627","TMEM222"
"1628","TMEM223"
"1629","TMEM250"
"1630","TMEM258"
"1631","TMEM65"
"1632","TMEM67"
"1633","TMLHE"
"1634","TMSB10"
"1635","TMSB4X"
"1636","TMUB1"
"1637","TMX3"
"1638","TNFAIP3"
"1639","TNIP1"
"1640","TNRC6C"
"1641","TOM1"
"1642","TOMM22"
"1643","TOMM7"
"1644","TOP2B"
"1645","TOPBP1"
"1646","TPD52"
"1647","TPR"
"1648","TPRA1"
"1649","TPRG1L"
"1650","TRA2A"
"1651","TRAF3IP1"
"1652","TRAF5"
"1653","TRAPPC1"
"1654","TRAPPC10"
"1655","TRAPPC2L"
"1656","TRAPPC3"
"1657","TRAPPC5"
"1658","TRIM16L"
"1659","TRIM33"
"1660","TRIM62"
"1661","TRIP10"
"1662","TRIP11"
"1663","TRIP6"
"1664","TRIR"
"1665","TRMT10B"
"1666","TRMT112"
"1667","TRMT13"
"1668","TRNT"
"1669","TSPAN17"
"1670","TSPAN31"
"1671","TSPAN4"
"1672","TSPYL1"
"1673","TSR3"
"1674","TSSC4"
"1675","TTC21B"
"1676","TTC26"
"1677","TTC7A"
"1678","TTLL4"
"1679","TUBGCP3"
"1680","TUG1"
"1681","TUT4"
"1682","TXLNA"
"1683","TXLNG"
"1684","TXNL4B"
"1685","TXNRD1"
"1686","TYMP"
"1687","U2AF2"
"1688","U2SURP"
"1689","UBA5"
"1690","UBA52"
"1691","UBAP1"
"1692","UBB"
"1693","UBC"
"1694","UBE2D1"
"1695","UBE2L6"
"1696","UBE2M"
"1697","UBL4A"
"1698","UBN2"
"1699","UBP1"
"1700","UBQLN1-AS1"
"1701","UBXN4"
"1702","UBXN6"
"1703","UFC1"
"1704","UGGT2"
"1705","UHRF2"
"1706","UPF2"
"1707","UQCC2"
"1708","UQCR10"
"1709","UQCR11"
"1710","UQCRC1"
"1711","UQCRFS1"
"1712","UQCRH"
"1713","UQCRQ"
"1714","URB1-AS1"
"1715","UROD"
"1716","USB1"
"1717","USE1"
"1718","USF2"
"1719","USF3"
"1720","USP3-AS1"
"1721","USP31"
"1722","USP37"
"1723","USP40"
"1724","USP42"
"1725","USP47"
"1726","USP48"
"1727","USP5"
"1728","USP6NL"
"1729","USP8"
"1730","USPL1"
"1731","UXT"
"1732","UXT-AS1"
"1733","VASH1"
"1734","VASH1-AS1"
"1735","VAT1"
"1736","VCP"
"1737","VCPKMT"
"1738","VEGFB"
"1739","VEGFC"
"1740","VEZT"
"1741","VHL"
"1742","VIL1"
"1743","VKORC1"
"1744","VMP1"
"1745","VPS16"
"1746","VPS18"
"1747","VPS36"
"1748","VPS54"
"1749","WAC"
"1750","WAPL"
"1751","WASF1"
"1752","WASHC4"
"1753","WASL"
"1754","WDR13"
"1755","WDR27"
"1756","WDR73"
"1757","WDR74"
"1758","WDR89"
"1759","WNK4"
"1760","WRAP73"
"1761","WSB1"
"1762","XBP1"
"1763","XPA"
"1764","XPNPEP3"
"1765","XYLB"
"1766","YARS2"
"1767","YBX1"
"1768","YEATS2-AS1"
"1769","YIF1A"
"1770","YIF1B"
"1771","YIPF2"
"1772","YIPF3"
"1773","YIPF4"
"1774","YPEL1"
"1775","YRDC"
"1776","YTHDC2"
"1777","YY1"
"1778","ZBED5"
"1779","ZBTB1"
"1780","ZBTB14"
"1781","ZBTB24"
"1782","ZBTB26"
"1783","ZBTB33"
"1784","ZBTB34"
"1785","ZBTB37"
"1786","ZBTB44"
"1787","ZBTB8A"
"1788","ZC2HC1A"
"1789","ZC3H12A"
"1790","ZC3H14"
"1791","ZC3H7A"
"1792","ZC3HAV1L"
"1793","ZCCHC10"
"1794","ZCCHC14"
"1795","ZCWPW1"
"1796","ZDHHC21"
"1797","ZFAND2B"
"1798","ZFP14"
"1799","ZFP3"
"1800","ZFP30"
"1801","ZFP36"
"1802","ZFP36L2"
"1803","ZFP62"
"1804","ZFP90"
"1805","ZKSCAN1"
"1806","ZKSCAN4"
"1807","ZKSCAN5"
"1808","ZKSCAN8"
"1809","ZMAT5"
"1810","ZMYM1"
"1811","ZMYM2"
"1812","ZMYM5"
"1813","ZMYND11"
"1814","ZNF107"
"1815","ZNF112"
"1816","ZNF131"
"1817","ZNF142"
"1818","ZNF146"
"1819","ZNF180"
"1820","ZNF181"
"1821","ZNF182"
"1822","ZNF184"
"1823","ZNF2"
"1824","ZNF202"
"1825","ZNF205"
"1826","ZNF223"
"1827","ZNF225"
"1828","ZNF234"
"1829","ZNF248"
"1830","ZNF254"
"1831","ZNF260"
"1832","ZNF276"
"1833","ZNF280C"
"1834","ZNF280D"
"1835","ZNF283"
"1836","ZNF286A"
"1837","ZNF287"
"1838","ZNF30"
"1839","ZNF302"
"1840","ZNF318"
"1841","ZNF324B"
"1842","ZNF326"
"1843","ZNF337"
"1844","ZNF33A"
"1845","ZNF33B"
"1846","ZNF343"
"1847","ZNF346"
"1848","ZNF354A"
"1849","ZNF354B"
"1850","ZNF354C"
"1851","ZNF37A"
"1852","ZNF383"
"1853","ZNF397"
"1854","ZNF41"
"1855","ZNF420"
"1856","ZNF426"
"1857","ZNF430"
"1858","ZNF431"
"1859","ZNF432"
"1860","ZNF449"
"1861","ZNF473"
"1862","ZNF480"
"1863","ZNF500"
"1864","ZNF510"
"1865","ZNF511"
"1866","ZNF518A"
"1867","ZNF524"
"1868","ZNF527"
"1869","ZNF529"
"1870","ZNF542P"
"1871","ZNF557"
"1872","ZNF566"
"1873","ZNF567"
"1874","ZNF569"
"1875","ZNF570"
"1876","ZNF587"
"1877","ZNF596"
"1878","ZNF605"
"1879","ZNF606"
"1880","ZNF607"
"1881","ZNF611"
"1882","ZNF619"
"1883","ZNF621"
"1884","ZNF622"
"1885","ZNF625"
"1886","ZNF628"
"1887","ZNF638"
"1888","ZNF644"
"1889","ZNF654"
"1890","ZNF658"
"1891","ZNF664"
"1892","ZNF671"
"1893","ZNF674"
"1894","ZNF678"
"1895","ZNF688"
"1896","ZNF696"
"1897","ZNF704"
"1898","ZNF708"
"1899","ZNF710-AS1"
"1900","ZNF714"
"1901","ZNF738"
"1902","ZNF74"
"1903","ZNF749"
"1904","ZNF75A"
"1905","ZNF75D"
"1906","ZNF764"
"1907","ZNF770"
"1908","ZNF778"
"1909","ZNF782"
"1910","ZNF785"
"1911","ZNF786"
"1912","ZNF787"
"1913","ZNF8"
"1914","ZNF8-DT"
"1915","ZNF813"
"1916","ZNF816"
"1917","ZNF839"
"1918","ZNF84"
"1919","ZNF862"
"1920","ZNF891"
"1921","ZNFX1"
"1922","ZNHIT1"
"1923","ZNHIT2"
"1924","ZRANB3"
"1925","ZSCAN12"
"1926","ZSCAN21"
"1927","ZSCAN29"
"1928","ZSCAN32"
"1929","ZSWIM1"
"1930","ZSWIM9"
"1931","ZUP1"
"1932","ZWILCH"
"1933","ZXDC"
"1934","ZYG11B"
"1935","ZZZ3"
